Name,Price
Xiaomi Redmi Pad SE 8.7 inch Wifi 2024,3.400.000đ
Xiaomi Redmi Pad SE 6GB 128GB,4.390.000đ
Samsung Galaxy Tab S9 FE Plus WIFI 12GB 256GB - Chỉ có tại CellphoneS,12.990.000đ
Samsung Galaxy Tab S9 FE 5G 6GB 128GB - Chỉ có tại CellphoneS,9.390.000đ
,
,
iPad Gen 10 10.9 inch 2022 Wifi 64GB I Chính hãng Apple Việt Nam,9.790.000đ
iPad Air 6 M2 11 inch Wifi 128GB,16.990.000đ
Xiaomi Pad 6 6GB 128GB - Chỉ có tại CellphoneS,7.590.000đ
iPad 10.2 2021 WiFi 64GB | Chính hãng Apple Việt Nam,7.190.000đ
iPad Pro M4 11 inch Wifi 256GB,27.590.000đ
Samsung Galaxy Tab S9 FE 5G 6GB 128GB - Chỉ có tại CellphoneS,9.390.000đ
Xiaomi Redmi Pad SE 6GB 128GB,4.490.000đ
Xiaomi Pad 6S Pro Wifi 8GB 256GB,13.990.000đ
iPad mini 6 WiFi 64GB | Chính hãng Apple Việt Nam,12.790.000đ
iPad Gen 10 10.9 inch 2022 Wifi 256GB I Chính hãng Apple Việt Nam,13.790.000đ
Samsung Galaxy Tab S9 FE Plus WIFI 12GB 256GB - Chỉ có tại CellphoneS,12.990.000đ
Xiaomi Redmi Pad Pro wifi 8GB 128GB,7.090.000đ
Huawei MatePad SE 11 inch 6GB 128GB,4.990.000đ
Xiaomi Redmi Pad SE 8.7 inch Wifi 2024,3.490.000đ
Máy Tính Bảng Huawei Matepad 11.5''S 8GB 256GB Xám,13.490.000đ
Xiaomi Pad 6 8GB 256GB,8.990.000đ
Samsung Galaxy Tab S9 FE WIFI 6GB 128GB,8.990.000đ
iPad Air 6 M2 11 inch Wifi 256GB,19.490.000đ
Samsung Galaxy Tab A9 WIFI 4GB 64GB,3.490.000đ
Samsung Galaxy Tab S10 Ultra 5G 12GB 256GB,33.990.000đ
